{"cameraMode":{"drawMode":0,"name":"Shaded","section":"Shading Mode"},"sceneLighting":false,"audioPlay":false,"sceneViewState":{"m_AlwaysRefresh":false,"showFog":false,"showSkybox":false,"showFlares":false,"showImageEffects":false,"showParticleSystems":false,"showVisualEffectGraphs":true,"m_FxEnabled":true},"in2DMode":false,"pivot":{"x":0.0655687004327774,"y":0.6726952791213989,"z":-0.028723210096359254},"rotation":{"x":-0.013484482653439045,"y":-0.906956136226654,"z":0.42013877630233767,"w":-0.02909735031425953},"size":1.0437850952148438,"orthographic":false}