{"cameraMode":{"drawMode":0,"name":"Shaded","section":"Shading Mode"},"sceneLighting":false,"audioPlay":false,"sceneViewState":{"m_AlwaysRefresh":false,"showFog":true,"showSkybox":false,"showFlares":true,"showImageEffects":true,"showParticleSystems":true,"showVisualEffectGraphs":true,"m_FxEnabled":true},"in2DMode":false,"pivot":{"x":0.4485774338245392,"y":-0.031878694891929629,"z":-0.3464774787425995},"rotation":{"x":0.08233338594436646,"y":0.041844941675662997,"z":-0.0034576246980577709,"w":0.995712399482727},"size":0.7071067690849304,"orthographic":false}