{"cameraMode":{"drawMode":0,"name":"Shaded","section":"Shading Mode"},"sceneLighting":false,"audioPlay":false,"sceneViewState":{"m_AlwaysRefresh":false,"showFog":false,"showSkybox":false,"showFlares":false,"showImageEffects":false,"showParticleSystems":false,"showVisualEffectGraphs":true,"m_FxEnabled":true},"in2DMode":false,"pivot":{"x":-0.003014753572642803,"y":0.007649063598364592,"z":-0.002766425721347332},"rotation":{"x":0.026762904599308969,"y":-0.9732801914215088,"z":0.17137517035007478,"w":0.15130041539669038},"size":0.009035645984113217,"orthographic":false}