{"cameraMode":{"drawMode":0,"name":"Shaded","section":"Shading Mode"},"sceneLighting":false,"audioPlay":false,"sceneViewState":{"m_AlwaysRefresh":false,"showFog":true,"showSkybox":false,"showFlares":true,"showImageEffects":true,"showParticleSystems":true,"showVisualEffectGraphs":true,"m_FxEnabled":true},"in2DMode":false,"pivot":{"x":3.7366385459899904,"y":2.6829919815063478,"z":-1.5631966590881348},"rotation":{"x":0.0005394546315073967,"y":0.9964599013328552,"z":-0.08421207219362259,"w":0.0065947421826422218},"size":1.0606601238250733,"orthographic":false}