{"cameraMode":{"drawMode":0,"name":"Shaded","section":"Shading Mode"},"sceneLighting":true,"audioPlay":false,"sceneViewState":{"m_AlwaysRefresh":false,"showFog":true,"showSkybox":true,"showFlares":true,"showImageEffects":true,"showParticleSystems":true,"showVisualEffectGraphs":true,"m_FxEnabled":true},"in2DMode":false,"pivot":{"x":58.55101776123047,"y":906.7023315429688,"z":-34.415740966796878},"rotation":{"x":-0.008351694792509079,"y":0.9663165807723999,"z":-0.25531309843063357,"w":-0.031610600650310519},"size":212.1475067138672,"orthographic":false}