{"cameraMode":{"drawMode":0,"name":"Shaded","section":"Shading Mode"},"sceneLighting":false,"audioPlay":false,"sceneViewState":{"m_AlwaysRefresh":false,"showFog":true,"showSkybox":false,"showFlares":true,"showImageEffects":true,"showParticleSystems":true,"showVisualEffectGraphs":true,"m_FxEnabled":true},"in2DMode":false,"pivot":{"x":0.06743992865085602,"y":1.241873025894165,"z":0.22206167876720429},"rotation":{"x":-0.3254408836364746,"y":0.04280417412519455,"z":-0.01472616195678711,"w":-0.9445382356643677},"size":1.0759563446044922,"orthographic":false}